id,kind,t_host_s,trial,block,phase,last_marker_request_id,last_marker_code,payload_json,name,event_id,code,pulse_ms,t_write_host_s,device_micros,simulated,error
15,marker_request,5.608418200048618,0,1,pre_run,,,"{""name"": ""run_start"", ""code"": 1, ""pulse_ms"": 10, ""simulated"": true, ""task"": {""trial"": 0, ""block"": 1, ""phase"": ""pre_run"", ""game_phase"": 0, ""tick"": 0, ""phase_blocks"": 0, ""x"": 20.0, ""y"": 50.0, ""vy"": 0.0, ""raw"": 0.0, ""normalized"": 0.0, ""smoothed"": 0.0, ""result"": 0, ""collision_object"": 0, ""reason"": """", ""feedback_steps"": 0}, ""timing"": ""callOnFlip""}",run_start,,1,10,,,True,
16,marker_ack,5.608482100069523,0,1,pre_run,15,1,"{""event_id"": 15, ""code"": 1, ""t_write_host_s"": 5.608479500049725, ""device_micros"": null, ""simulated"": true}",,15,1,,5.608479500049725,,True,
18,marker_done,5.619433799991384,0,1,pre_run,15,1,"{""event_id"": 15, ""code"": 1, ""device_micros"": null, ""simulated"": true}",,15,1,,,,True,
22,marker_request,5.644639600068331,1,1,prepare,15,1,"{""name"": ""trial_start"", ""code"": 2, ""pulse_ms"": 10, ""simulated"": true, ""task"": {""trial"": 1, ""block"": 1, ""phase"": ""prepare"", ""game_phase"": 1, ""tick"": 1, ""phase_blocks"": 0, ""x"": 20.0, ""y"": 50.0, ""vy"": 0.0, ""raw"": 0.0, ""normalized"": 0.0, ""smoothed"": 0.0, ""result"": 0, ""collision_object"": 0, ""reason"": """", ""feedback_steps"": 0}, ""timing"": ""callOnFlip""}",trial_start,,2,10,,,True,
23,marker_ack,5.644700600067154,1,1,prepare,22,2,"{""event_id"": 22, ""code"": 2, ""t_write_host_s"": 5.644698000047356, ""device_micros"": null, ""simulated"": true}",,22,2,,5.644698000047356,,True,
25,marker_done,5.655732900020666,1,1,prepare,22,2,"{""event_id"": 22, ""code"": 2, ""device_micros"": null, ""simulated"": true}",,22,2,,,,True,
38,marker_request,5.762442499981262,1,1,feedback,22,2,"{""name"": ""feedback_start"", ""code"": 3, ""pulse_ms"": 10, ""simulated"": true, ""task"": {""trial"": 1, ""block"": 1, ""phase"": ""feedback"", ""game_phase"": 2, ""tick"": 2, ""phase_blocks"": 0, ""x"": 20.0, ""y"": 50.0, ""vy"": 0.0, ""raw"": 0.0, ""normalized"": 0.0, ""smoothed"": 0.0, ""result"": 0, ""collision_object"": 0, ""reason"": """", ""feedback_steps"": 0}, ""timing"": ""callOnFlip""}",feedback_start,,3,10,,,True,
39,marker_ack,5.762503499980085,1,1,feedback,38,3,"{""event_id"": 38, ""code"": 3, ""t_write_host_s"": 5.762500999961048, ""device_micros"": null, ""simulated"": true}",,38,3,,5.762500999961048,,True,
41,marker_done,5.773034800076857,1,1,feedback,38,3,"{""event_id"": 38, ""code"": 3, ""device_micros"": null, ""simulated"": true}",,38,3,,,,True,
66,marker_request,6.011120300041512,1,1,result,38,3,"{""name"": ""success"", ""code"": 4, ""pulse_ms"": 10, ""simulated"": true, ""task"": {""trial"": 1, ""block"": 1, ""phase"": ""result"", ""game_phase"": 4, ""tick"": 4, ""phase_blocks"": 0, ""x"": 20.002499999999998, ""y"": 50.0, ""vy"": 0.0, ""raw"": 0.81, ""normalized"": 0, ""smoothed"": 0.0, ""result"": 1, ""collision_object"": 0, ""reason"": ""duration"", ""feedback_steps"": 2}, ""timing"": ""callOnFlip""}",success,,4,10,,,True,
67,marker_ack,6.011179700028151,1,1,result,66,4,"{""event_id"": 66, ""code"": 4, ""t_write_host_s"": 6.011177000007592, ""device_micros"": null, ""simulated"": true}",,66,4,,6.011177000007592,,True,
69,marker_done,6.021418799995445,1,1,result,66,4,"{""event_id"": 66, ""code"": 4, ""device_micros"": null, ""simulated"": true}",,66,4,,,,True,
83,marker_request,6.144408600055613,1,1,iti,66,4,"{""name"": ""trial_end"", ""code"": 6, ""pulse_ms"": 10, ""simulated"": true, ""task"": {""trial"": 1, ""block"": 1, ""phase"": ""iti"", ""game_phase"": 6, ""tick"": 5, ""phase_blocks"": 0, ""x"": 20.002499999999998, ""y"": 50.0, ""vy"": 0.0, ""raw"": 0.81, ""normalized"": 0, ""smoothed"": 0.0, ""result"": 1, ""collision_object"": 0, ""reason"": ""duration"", ""feedback_steps"": 2}, ""timing"": ""callOnFlip""}",trial_end,,6,10,,,True,
85,marker_ack,6.144499000045471,1,1,iti,83,6,"{""event_id"": 83, ""code"": 6, ""t_write_host_s"": 6.144476299989037, ""device_micros"": null, ""simulated"": true}",,83,6,,6.144476299989037,,True,
87,marker_done,6.154618900036439,1,1,iti,83,6,"{""event_id"": 83, ""code"": 6, ""device_micros"": null, ""simulated"": true}",,83,6,,,,True,
101,marker_request,6.276716300053522,2,1,prepare,83,6,"{""name"": ""trial_start"", ""code"": 2, ""pulse_ms"": 10, ""simulated"": true, ""task"": {""trial"": 2, ""block"": 1, ""phase"": ""prepare"", ""game_phase"": 1, ""tick"": 6, ""phase_blocks"": 0, ""x"": 20.002499999999998, ""y"": 50.0, ""vy"": 0.0, ""raw"": 0.81, ""normalized"": 0, ""smoothed"": 0.0, ""result"": 0, ""collision_object"": 0, ""reason"": """", ""feedback_steps"": 2}, ""timing"": ""callOnFlip""}",trial_start,,2,10,,,True,
102,marker_ack,6.276778400060721,2,1,prepare,101,2,"{""event_id"": 101, ""code"": 2, ""t_write_host_s"": 6.2767756000394, ""device_micros"": null, ""simulated"": true}",,101,2,,6.2767756000394,,True,
104,marker_done,6.287719200015999,2,1,prepare,101,2,"{""event_id"": 101, ""code"": 2, ""device_micros"": null, ""simulated"": true}",,101,2,,,,True,
116,marker_request,6.394234900013544,2,1,feedback,101,2,"{""name"": ""feedback_start"", ""code"": 3, ""pulse_ms"": 10, ""simulated"": true, ""task"": {""trial"": 2, ""block"": 1, ""phase"": ""feedback"", ""game_phase"": 2, ""tick"": 7, ""phase_blocks"": 0, ""x"": 20.0, ""y"": 50.0, ""vy"": 0.0, ""raw"": 0.81, ""normalized"": 0, ""smoothed"": 0.0, ""result"": 0, ""collision_object"": 0, ""reason"": """", ""feedback_steps"": 0}, ""timing"": ""callOnFlip""}",feedback_start,,3,10,,,True,
117,marker_ack,6.394389600027353,2,1,feedback,116,3,"{""event_id"": 116, ""code"": 3, ""t_write_host_s"": 6.394387400010601, ""device_micros"": null, ""simulated"": true}",,116,3,,6.394387400010601,,True,
119,marker_done,6.40510610002093,2,1,feedback,116,3,"{""event_id"": 116, ""code"": 3, ""device_micros"": null, ""simulated"": true}",,116,3,,,,True,
145,marker_request,6.644336199969985,2,1,result,116,3,"{""name"": ""success"", ""code"": 4, ""pulse_ms"": 10, ""simulated"": true, ""task"": {""trial"": 2, ""block"": 1, ""phase"": ""result"", ""game_phase"": 4, ""tick"": 9, ""phase_blocks"": 0, ""x"": 20.002499999999998, ""y"": 50.0, ""vy"": 0.0, ""raw"": 0.81, ""normalized"": 0, ""smoothed"": 0.0, ""result"": 1, ""collision_object"": 0, ""reason"": ""duration"", ""feedback_steps"": 2}, ""timing"": ""callOnFlip""}",success,,4,10,,,True,
146,marker_ack,6.6443969999672845,2,1,result,145,4,"{""event_id"": 145, ""code"": 4, ""t_write_host_s"": 6.644394200062379, ""device_micros"": null, ""simulated"": true}",,145,4,,6.644394200062379,,True,
148,marker_done,6.6554022000636905,2,1,result,145,4,"{""event_id"": 145, ""code"": 4, ""device_micros"": null, ""simulated"": true}",,145,4,,,,True,
161,marker_request,6.776827899971977,2,1,iti,145,4,"{""name"": ""trial_end"", ""code"": 6, ""pulse_ms"": 10, ""simulated"": true, ""task"": {""trial"": 2, ""block"": 1, ""phase"": ""iti"", ""game_phase"": 6, ""tick"": 10, ""phase_blocks"": 0, ""x"": 20.002499999999998, ""y"": 50.0, ""vy"": 0.0, ""raw"": 0.81, ""normalized"": 0, ""smoothed"": 0.0, ""result"": 1, ""collision_object"": 0, ""reason"": ""duration"", ""feedback_steps"": 2}, ""timing"": ""callOnFlip""}",trial_end,,6,10,,,True,
163,marker_ack,6.77690379996784,2,1,iti,161,6,"{""event_id"": 161, ""code"": 6, ""t_write_host_s"": 6.776901300065219, ""device_micros"": null, ""simulated"": true}",,161,6,,6.776901300065219,,True,
165,marker_done,6.786987400031649,2,1,iti,161,6,"{""event_id"": 161, ""code"": 6, ""device_micros"": null, ""simulated"": true}",,161,6,,,,True,
178,marker_request,6.894008900038898,3,1,prepare,161,6,"{""name"": ""trial_start"", ""code"": 2, ""pulse_ms"": 10, ""simulated"": true, ""task"": {""trial"": 3, ""block"": 1, ""phase"": ""prepare"", ""game_phase"": 1, ""tick"": 11, ""phase_blocks"": 0, ""x"": 20.002499999999998, ""y"": 50.0, ""vy"": 0.0, ""raw"": 0.81, ""normalized"": 0, ""smoothed"": 0.0, ""result"": 0, ""collision_object"": 0, ""reason"": """", ""feedback_steps"": 2}, ""timing"": ""callOnFlip""}",trial_start,,2,10,,,True,
179,marker_ack,6.894089300069027,3,1,prepare,178,2,"{""event_id"": 178, ""code"": 2, ""t_write_host_s"": 6.894086900050752, ""device_micros"": null, ""simulated"": true}",,178,2,,6.894086900050752,,True,
181,marker_done,6.90445659996476,3,1,prepare,178,2,"{""event_id"": 178, ""code"": 2, ""device_micros"": null, ""simulated"": true}",,178,2,,,,True,
193,marker_request,7.010921300039627,3,1,feedback,178,2,"{""name"": ""feedback_start"", ""code"": 3, ""pulse_ms"": 10, ""simulated"": true, ""task"": {""trial"": 3, ""block"": 1, ""phase"": ""feedback"", ""game_phase"": 2, ""tick"": 12, ""phase_blocks"": 0, ""x"": 20.0, ""y"": 50.0, ""vy"": 0.0, ""raw"": 0.81, ""normalized"": 0, ""smoothed"": 0.0, ""result"": 0, ""collision_object"": 0, ""reason"": """", ""feedback_steps"": 0}, ""timing"": ""callOnFlip""}",feedback_start,,3,10,,,True,
194,marker_ack,7.010985600063577,3,1,feedback,193,3,"{""event_id"": 193, ""code"": 3, ""t_write_host_s"": 7.010982500039972, ""device_micros"": null, ""simulated"": true}",,193,3,,7.010982500039972,,True,
196,marker_done,7.021519200061448,3,1,feedback,193,3,"{""event_id"": 193, ""code"": 3, ""device_micros"": null, ""simulated"": true}",,193,3,,,,True,
221,marker_request,7.2604140000185,3,1,result,193,3,"{""name"": ""success"", ""code"": 4, ""pulse_ms"": 10, ""simulated"": true, ""task"": {""trial"": 3, ""block"": 1, ""phase"": ""result"", ""game_phase"": 4, ""tick"": 14, ""phase_blocks"": 0, ""x"": 20.002499999999998, ""y"": 50.0, ""vy"": 0.0, ""raw"": 0.81, ""normalized"": 0, ""smoothed"": 0.0, ""result"": 1, ""collision_object"": 0, ""reason"": ""duration"", ""feedback_steps"": 2}, ""timing"": ""callOnFlip""}",success,,4,10,,,True,
222,marker_ack,7.260491900029592,3,1,result,221,4,"{""event_id"": 221, ""code"": 4, ""t_write_host_s"": 7.260488900006749, ""device_micros"": null, ""simulated"": true}",,221,4,,7.260488900006749,,True,
224,marker_done,7.270567800034769,3,1,result,221,4,"{""event_id"": 221, ""code"": 4, ""device_micros"": null, ""simulated"": true}",,221,4,,,,True,
238,marker_request,7.394058600068092,3,1,iti,221,4,"{""name"": ""trial_end"", ""code"": 6, ""pulse_ms"": 10, ""simulated"": true, ""task"": {""trial"": 3, ""block"": 1, ""phase"": ""iti"", ""game_phase"": 6, ""tick"": 15, ""phase_blocks"": 0, ""x"": 20.002499999999998, ""y"": 50.0, ""vy"": 0.0, ""raw"": 0.81, ""normalized"": 0, ""smoothed"": 0.0, ""result"": 1, ""collision_object"": 0, ""reason"": ""duration"", ""feedback_steps"": 2}, ""timing"": ""callOnFlip""}",trial_end,,6,10,,,True,
240,marker_ack,7.394271300057881,3,1,iti,238,6,"{""event_id"": 238, ""code"": 6, ""t_write_host_s"": 7.394268900039606, ""device_micros"": null, ""simulated"": true}",,238,6,,7.394268900039606,,True,
242,marker_done,7.404767400003038,3,1,iti,238,6,"{""event_id"": 238, ""code"": 6, ""device_micros"": null, ""simulated"": true}",,238,6,,,,True,
256,marker_request,7.527854199986905,4,1,prepare,238,6,"{""name"": ""trial_start"", ""code"": 2, ""pulse_ms"": 10, ""simulated"": true, ""task"": {""trial"": 4, ""block"": 1, ""phase"": ""prepare"", ""game_phase"": 1, ""tick"": 16, ""phase_blocks"": 0, ""x"": 20.002499999999998, ""y"": 50.0, ""vy"": 0.0, ""raw"": 0.81, ""normalized"": 0, ""smoothed"": 0.0, ""result"": 0, ""collision_object"": 0, ""reason"": """", ""feedback_steps"": 2}, ""timing"": ""callOnFlip""}",trial_start,,2,10,,,True,
257,marker_ack,7.5280012000584975,4,1,prepare,256,2,"{""event_id"": 256, ""code"": 2, ""t_write_host_s"": 7.527998000034131, ""device_micros"": null, ""simulated"": true}",,256,2,,7.527998000034131,,True,
259,marker_done,7.538130800006911,4,1,prepare,256,2,"{""event_id"": 256, ""code"": 2, ""device_micros"": null, ""simulated"": true}",,256,2,,,,True,
271,marker_request,7.644686799962074,4,1,feedback,256,2,"{""name"": ""feedback_start"", ""code"": 3, ""pulse_ms"": 10, ""simulated"": true, ""task"": {""trial"": 4, ""block"": 1, ""phase"": ""feedback"", ""game_phase"": 2, ""tick"": 17, ""phase_blocks"": 0, ""x"": 20.0, ""y"": 50.0, ""vy"": 0.0, ""raw"": 0.81, ""normalized"": 0, ""smoothed"": 0.0, ""result"": 0, ""collision_object"": 0, ""reason"": """", ""feedback_steps"": 0}, ""timing"": ""callOnFlip""}",feedback_start,,3,10,,,True,
272,marker_ack,7.644767999998294,4,1,feedback,271,3,"{""event_id"": 271, ""code"": 3, ""t_write_host_s"": 7.644764199969359, ""device_micros"": null, ""simulated"": true}",,271,3,,7.644764199969359,,True,
274,marker_done,7.655288800015114,4,1,feedback,271,3,"{""event_id"": 271, ""code"": 3, ""device_micros"": null, ""simulated"": true}",,271,3,,,,True,
300,marker_request,7.893955699983053,4,1,result,271,3,"{""name"": ""success"", ""code"": 4, ""pulse_ms"": 10, ""simulated"": true, ""task"": {""trial"": 4, ""block"": 1, ""phase"": ""result"", ""game_phase"": 4, ""tick"": 19, ""phase_blocks"": 0, ""x"": 20.002499999999998, ""y"": 50.0, ""vy"": 0.0, ""raw"": 0.81, ""normalized"": 0, ""smoothed"": 0.0, ""result"": 1, ""collision_object"": 0, ""reason"": ""duration"", ""feedback_steps"": 2}, ""timing"": ""callOnFlip""}",success,,4,10,,,True,
301,marker_ack,7.8940271000610664,4,1,result,300,4,"{""event_id"": 300, ""code"": 4, ""t_write_host_s"": 7.8940240000374615, ""device_micros"": null, ""simulated"": true}",,300,4,,7.8940240000374615,,True,
303,marker_done,7.904730200069025,4,1,result,300,4,"{""event_id"": 300, ""code"": 4, ""device_micros"": null, ""simulated"": true}",,300,4,,,,True,
316,marker_request,8.02805530000478,4,1,iti,300,4,"{""name"": ""trial_end"", ""code"": 6, ""pulse_ms"": 10, ""simulated"": true, ""task"": {""trial"": 4, ""block"": 1, ""phase"": ""iti"", ""game_phase"": 6, ""tick"": 20, ""phase_blocks"": 0, ""x"": 20.002499999999998, ""y"": 50.0, ""vy"": 0.0, ""raw"": 0.81, ""normalized"": 0, ""smoothed"": 0.0, ""result"": 1, ""collision_object"": 0, ""reason"": ""duration"", ""feedback_steps"": 2}, ""timing"": ""callOnFlip""}",trial_end,,6,10,,,True,
318,marker_ack,8.028217899962328,4,1,iti,316,6,"{""event_id"": 316, ""code"": 6, ""t_write_host_s"": 8.028212500037625, ""device_micros"": null, ""simulated"": true}",,316,6,,8.028212500037625,,True,
320,marker_done,8.038532000035048,4,1,iti,316,6,"{""event_id"": 316, ""code"": 6, ""device_micros"": null, ""simulated"": true}",,316,6,,,,True,
332,marker_request,8.144327800022438,5,1,prepare,316,6,"{""name"": ""trial_start"", ""code"": 2, ""pulse_ms"": 10, ""simulated"": true, ""task"": {""trial"": 5, ""block"": 1, ""phase"": ""prepare"", ""game_phase"": 1, ""tick"": 21, ""phase_blocks"": 0, ""x"": 20.002499999999998, ""y"": 50.0, ""vy"": 0.0, ""raw"": 0.81, ""normalized"": 0, ""smoothed"": 0.0, ""result"": 0, ""collision_object"": 0, ""reason"": """", ""feedback_steps"": 2}, ""timing"": ""callOnFlip""}",trial_start,,2,10,,,True,
333,marker_ack,8.144402600009926,5,1,prepare,332,2,"{""event_id"": 332, ""code"": 2, ""t_write_host_s"": 8.144399599987082, ""device_micros"": null, ""simulated"": true}",,332,2,,8.144399599987082,,True,
335,marker_done,8.154786700033583,5,1,prepare,332,2,"{""event_id"": 332, ""code"": 2, ""device_micros"": null, ""simulated"": true}",,332,2,,,,True,
347,marker_request,8.261500500026159,5,1,feedback,332,2,"{""name"": ""feedback_start"", ""code"": 3, ""pulse_ms"": 10, ""simulated"": true, ""task"": {""trial"": 5, ""block"": 1, ""phase"": ""feedback"", ""game_phase"": 2, ""tick"": 22, ""phase_blocks"": 0, ""x"": 20.0, ""y"": 50.0, ""vy"": 0.0, ""raw"": 0.81, ""normalized"": 0, ""smoothed"": 0.0, ""result"": 0, ""collision_object"": 0, ""reason"": """", ""feedback_steps"": 0}, ""timing"": ""callOnFlip""}",feedback_start,,3,10,,,True,
348,marker_ack,8.261588499997742,5,1,feedback,347,3,"{""event_id"": 347, ""code"": 3, ""t_write_host_s"": 8.26158489997033, ""device_micros"": null, ""simulated"": true}",,347,3,,8.26158489997033,,True,
350,marker_done,8.272529900074005,5,1,feedback,347,3,"{""event_id"": 347, ""code"": 3, ""device_micros"": null, ""simulated"": true}",,347,3,,,,True,
376,marker_request,8.510386700043455,5,1,result,347,3,"{""name"": ""success"", ""code"": 4, ""pulse_ms"": 10, ""simulated"": true, ""task"": {""trial"": 5, ""block"": 1, ""phase"": ""result"", ""game_phase"": 4, ""tick"": 24, ""phase_blocks"": 0, ""x"": 20.002499999999998, ""y"": 50.0, ""vy"": 0.0, ""raw"": 0.81, ""normalized"": 0, ""smoothed"": 0.0, ""result"": 1, ""collision_object"": 0, ""reason"": ""duration"", ""feedback_steps"": 2}, ""timing"": ""callOnFlip""}",success,,4,10,,,True,
377,marker_ack,8.51046140003018,5,1,result,376,4,"{""event_id"": 376, ""code"": 4, ""t_write_host_s"": 8.510458300006576, ""device_micros"": null, ""simulated"": true}",,376,4,,8.510458300006576,,True,
379,marker_done,8.521062899962999,5,1,result,376,4,"{""event_id"": 376, ""code"": 4, ""device_micros"": null, ""simulated"": true}",,376,4,,,,True,
393,marker_request,8.644078099983744,5,1,iti,376,4,"{""name"": ""trial_end"", ""code"": 6, ""pulse_ms"": 10, ""simulated"": true, ""task"": {""trial"": 5, ""block"": 1, ""phase"": ""iti"", ""game_phase"": 6, ""tick"": 25, ""phase_blocks"": 0, ""x"": 20.002499999999998, ""y"": 50.0, ""vy"": 0.0, ""raw"": 0.81, ""normalized"": 0, ""smoothed"": 0.0, ""result"": 1, ""collision_object"": 0, ""reason"": ""duration"", ""feedback_steps"": 2}, ""timing"": ""callOnFlip""}",trial_end,,6,10,,,True,
395,marker_ack,8.644175600027665,5,1,iti,393,6,"{""event_id"": 393, ""code"": 6, ""t_write_host_s"": 8.644172700005583, ""device_micros"": null, ""simulated"": true}",,393,6,,8.644172700005583,,True,
397,marker_done,8.654535799985752,5,1,iti,393,6,"{""event_id"": 393, ""code"": 6, ""device_micros"": null, ""simulated"": true}",,393,6,,,,True,
409,marker_request,8.762032099999487,6,1,prepare,393,6,"{""name"": ""trial_start"", ""code"": 2, ""pulse_ms"": 10, ""simulated"": true, ""task"": {""trial"": 6, ""block"": 1, ""phase"": ""prepare"", ""game_phase"": 1, ""tick"": 26, ""phase_blocks"": 0, ""x"": 20.002499999999998, ""y"": 50.0, ""vy"": 0.0, ""raw"": 0.81, ""normalized"": 0, ""smoothed"": 0.0, ""result"": 0, ""collision_object"": 0, ""reason"": """", ""feedback_steps"": 2}, ""timing"": ""callOnFlip""}",trial_start,,2,10,,,True,
410,marker_ack,8.762124600005336,6,1,prepare,409,2,"{""event_id"": 409, ""code"": 2, ""t_write_host_s"": 8.762120799976401, ""device_micros"": null, ""simulated"": true}",,409,2,,8.762120799976401,,True,
412,marker_done,8.773086500004865,6,1,prepare,409,2,"{""event_id"": 409, ""code"": 2, ""device_micros"": null, ""simulated"": true}",,409,2,,,,True,
426,marker_request,8.894075599964708,6,1,feedback,409,2,"{""name"": ""feedback_start"", ""code"": 3, ""pulse_ms"": 10, ""simulated"": true, ""task"": {""trial"": 6, ""block"": 1, ""phase"": ""feedback"", ""game_phase"": 2, ""tick"": 27, ""phase_blocks"": 0, ""x"": 20.0, ""y"": 50.0, ""vy"": 0.0, ""raw"": 0.81, ""normalized"": 0, ""smoothed"": 0.0, ""result"": 0, ""collision_object"": 0, ""reason"": """", ""feedback_steps"": 0}, ""timing"": ""callOnFlip""}",feedback_start,,3,10,,,True,
427,marker_ack,8.894142300006934,6,1,feedback,426,3,"{""event_id"": 426, ""code"": 3, ""t_write_host_s"": 8.894139399984851, ""device_micros"": null, ""simulated"": true}",,426,3,,8.894139399984851,,True,
429,marker_done,8.904838599963114,6,1,feedback,426,3,"{""event_id"": 426, ""code"": 3, ""device_micros"": null, ""simulated"": true}",,426,3,,,,True,
455,marker_request,9.144299900042824,6,1,result,426,3,"{""name"": ""success"", ""code"": 4, ""pulse_ms"": 10, ""simulated"": true, ""task"": {""trial"": 6, ""block"": 1, ""phase"": ""result"", ""game_phase"": 4, ""tick"": 29, ""phase_blocks"": 0, ""x"": 20.002499999999998, ""y"": 50.0, ""vy"": 0.0, ""raw"": 0.81, ""normalized"": 0, ""smoothed"": 0.0, ""result"": 1, ""collision_object"": 0, ""reason"": ""duration"", ""feedback_steps"": 2}, ""timing"": ""callOnFlip""}",success,,4,10,,,True,
456,marker_ack,9.144362100050785,6,1,result,455,4,"{""event_id"": 455, ""code"": 4, ""t_write_host_s"": 9.144359400030226, ""device_micros"": null, ""simulated"": true}",,455,4,,9.144359400030226,,True,
458,marker_done,9.155118700000457,6,1,result,455,4,"{""event_id"": 455, ""code"": 4, ""device_micros"": null, ""simulated"": true}",,455,4,,,,True,
470,marker_request,9.261500400025398,6,1,iti,455,4,"{""name"": ""trial_end"", ""code"": 6, ""pulse_ms"": 10, ""simulated"": true, ""task"": {""trial"": 6, ""block"": 1, ""phase"": ""iti"", ""game_phase"": 6, ""tick"": 30, ""phase_blocks"": 0, ""x"": 20.002499999999998, ""y"": 50.0, ""vy"": 0.0, ""raw"": 0.81, ""normalized"": 0, ""smoothed"": 0.0, ""result"": 1, ""collision_object"": 0, ""reason"": ""duration"", ""feedback_steps"": 2}, ""timing"": ""callOnFlip""}",trial_end,,6,10,,,True,
472,marker_ack,9.261743400013074,6,1,iti,470,6,"{""event_id"": 470, ""code"": 6, ""t_write_host_s"": 9.261739899986424, ""device_micros"": null, ""simulated"": true}",,470,6,,9.261739899986424,,True,
474,marker_done,9.27227119996678,6,1,iti,470,6,"{""event_id"": 470, ""code"": 6, ""device_micros"": null, ""simulated"": true}",,470,6,,,,True,
488,marker_request,9.393692300072871,7,1,prepare,470,6,"{""name"": ""trial_start"", ""code"": 2, ""pulse_ms"": 10, ""simulated"": true, ""task"": {""trial"": 7, ""block"": 1, ""phase"": ""prepare"", ""game_phase"": 1, ""tick"": 31, ""phase_blocks"": 0, ""x"": 20.002499999999998, ""y"": 50.0, ""vy"": 0.0, ""raw"": 0.81, ""normalized"": 0, ""smoothed"": 0.0, ""result"": 0, ""collision_object"": 0, ""reason"": """", ""feedback_steps"": 2}, ""timing"": ""callOnFlip""}",trial_start,,2,10,,,True,
489,marker_ack,9.393747200025246,7,1,prepare,488,2,"{""event_id"": 488, ""code"": 2, ""t_write_host_s"": 9.393745300010778, ""device_micros"": null, ""simulated"": true}",,488,2,,9.393745300010778,,True,
491,marker_done,9.40455129998736,7,1,prepare,488,2,"{""event_id"": 488, ""code"": 2, ""device_micros"": null, ""simulated"": true}",,488,2,,,,True,
504,marker_request,9.526976700057276,7,1,feedback,488,2,"{""name"": ""feedback_start"", ""code"": 3, ""pulse_ms"": 10, ""simulated"": true, ""task"": {""trial"": 7, ""block"": 1, ""phase"": ""feedback"", ""game_phase"": 2, ""tick"": 32, ""phase_blocks"": 0, ""x"": 20.0, ""y"": 50.0, ""vy"": 0.0, ""raw"": 0.81, ""normalized"": 0, ""smoothed"": 0.0, ""result"": 0, ""collision_object"": 0, ""reason"": """", ""feedback_steps"": 0}, ""timing"": ""callOnFlip""}",feedback_start,,3,10,,,True,
505,marker_ack,9.527056799968705,7,1,feedback,504,3,"{""event_id"": 504, ""code"": 3, ""t_write_host_s"": 9.527052800054662, ""device_micros"": null, ""simulated"": true}",,504,3,,9.527052800054662,,True,
507,marker_done,9.537176000070758,7,1,feedback,504,3,"{""event_id"": 504, ""code"": 3, ""device_micros"": null, ""simulated"": true}",,504,3,,,,True,
532,marker_request,9.76077469997108,7,1,result,504,3,"{""name"": ""success"", ""code"": 4, ""pulse_ms"": 10, ""simulated"": true, ""task"": {""trial"": 7, ""block"": 1, ""phase"": ""result"", ""game_phase"": 4, ""tick"": 34, ""phase_blocks"": 0, ""x"": 20.002499999999998, ""y"": 50.0, ""vy"": 0.0, ""raw"": 0.81, ""normalized"": 0, ""smoothed"": 0.0, ""result"": 1, ""collision_object"": 0, ""reason"": ""duration"", ""feedback_steps"": 2}, ""timing"": ""callOnFlip""}",success,,4,10,,,True,
533,marker_ack,9.76085379999131,7,1,result,532,4,"{""event_id"": 532, ""code"": 4, ""t_write_host_s"": 9.760847100056708, ""device_micros"": null, ""simulated"": true}",,532,4,,9.760847100056708,,True,
535,marker_done,9.771392000024207,7,1,result,532,4,"{""event_id"": 532, ""code"": 4, ""device_micros"": null, ""simulated"": true}",,532,4,,,,True,
549,marker_request,9.894641699967906,7,1,iti,532,4,"{""name"": ""trial_end"", ""code"": 6, ""pulse_ms"": 10, ""simulated"": true, ""task"": {""trial"": 7, ""block"": 1, ""phase"": ""iti"", ""game_phase"": 6, ""tick"": 35, ""phase_blocks"": 0, ""x"": 20.002499999999998, ""y"": 50.0, ""vy"": 0.0, ""raw"": 0.81, ""normalized"": 0, ""smoothed"": 0.0, ""result"": 1, ""collision_object"": 0, ""reason"": ""duration"", ""feedback_steps"": 2}, ""timing"": ""callOnFlip""}",trial_end,,6,10,,,True,
551,marker_ack,9.89473319996614,7,1,iti,549,6,"{""event_id"": 549, ""code"": 6, ""t_write_host_s"": 9.89471180003602, ""device_micros"": null, ""simulated"": true}",,549,6,,9.89471180003602,,True,
553,marker_done,9.905015000025742,7,1,iti,549,6,"{""event_id"": 549, ""code"": 6, ""device_micros"": null, ""simulated"": true}",,549,6,,,,True,
565,marker_request,10.010494700050913,8,1,prepare,549,6,"{""name"": ""trial_start"", ""code"": 2, ""pulse_ms"": 10, ""simulated"": true, ""task"": {""trial"": 8, ""block"": 1, ""phase"": ""prepare"", ""game_phase"": 1, ""tick"": 36, ""phase_blocks"": 0, ""x"": 20.002499999999998, ""y"": 50.0, ""vy"": 0.0, ""raw"": 0.81, ""normalized"": 0, ""smoothed"": 0.0, ""result"": 0, ""collision_object"": 0, ""reason"": """", ""feedback_steps"": 2}, ""timing"": ""callOnFlip""}",trial_start,,2,10,,,True,
566,marker_ack,10.010598400025629,8,1,prepare,565,2,"{""event_id"": 565, ""code"": 2, ""t_write_host_s"": 10.0105951000005, ""device_micros"": null, ""simulated"": true}",,565,2,,10.0105951000005,,True,
568,marker_done,10.02160920004826,8,1,prepare,565,2,"{""event_id"": 565, ""code"": 2, ""device_micros"": null, ""simulated"": true}",,565,2,,,,True,
582,marker_request,10.143777400022373,8,1,feedback,565,2,"{""name"": ""feedback_start"", ""code"": 3, ""pulse_ms"": 10, ""simulated"": true, ""task"": {""trial"": 8, ""block"": 1, ""phase"": ""feedback"", ""game_phase"": 2, ""tick"": 37, ""phase_blocks"": 0, ""x"": 20.0, ""y"": 50.0, ""vy"": 0.0, ""raw"": 0.81, ""normalized"": 0, ""smoothed"": 0.0, ""result"": 0, ""collision_object"": 0, ""reason"": """", ""feedback_steps"": 0}, ""timing"": ""callOnFlip""}",feedback_start,,3,10,,,True,
583,marker_ack,10.143842600053176,8,1,feedback,582,3,"{""event_id"": 582, ""code"": 3, ""t_write_host_s"": 10.14383940002881, ""device_micros"": null, ""simulated"": true}",,582,3,,10.14383940002881,,True,
585,marker_done,10.154314600047655,8,1,feedback,582,3,"{""event_id"": 582, ""code"": 3, ""device_micros"": null, ""simulated"": true}",,582,3,,,,True,
610,marker_request,10.393738100072369,8,1,result,582,3,"{""name"": ""success"", ""code"": 4, ""pulse_ms"": 10, ""simulated"": true, ""task"": {""trial"": 8, ""block"": 1, ""phase"": ""result"", ""game_phase"": 4, ""tick"": 39, ""phase_blocks"": 0, ""x"": 20.002499999999998, ""y"": 50.0, ""vy"": 0.0, ""raw"": 0.81, ""normalized"": 0, ""smoothed"": 0.0, ""result"": 1, ""collision_object"": 0, ""reason"": ""duration"", ""feedback_steps"": 2}, ""timing"": ""callOnFlip""}",success,,4,10,,,True,
611,marker_ack,10.393801199970767,8,1,result,610,4,"{""event_id"": 610, ""code"": 4, ""t_write_host_s"": 10.393798200064339, ""device_micros"": null, ""simulated"": true}",,610,4,,10.393798200064339,,True,
613,marker_done,10.404594299965538,8,1,result,610,4,"{""event_id"": 610, ""code"": 4, ""device_micros"": null, ""simulated"": true}",,610,4,,,,True,
627,marker_request,10.528210500022396,8,1,iti,610,4,"{""name"": ""trial_end"", ""code"": 6, ""pulse_ms"": 10, ""simulated"": true, ""task"": {""trial"": 8, ""block"": 1, ""phase"": ""iti"", ""game_phase"": 6, ""tick"": 40, ""phase_blocks"": 0, ""x"": 20.002499999999998, ""y"": 50.0, ""vy"": 0.0, ""raw"": 0.81, ""normalized"": 0, ""smoothed"": 0.0, ""result"": 1, ""collision_object"": 0, ""reason"": ""duration"", ""feedback_steps"": 2}, ""timing"": ""callOnFlip""}",trial_end,,6,10,,,True,
629,marker_ack,10.528363900026307,8,1,iti,627,6,"{""event_id"": 627, ""code"": 6, ""t_write_host_s"": 10.528358699986711, ""device_micros"": null, ""simulated"": true}",,627,6,,10.528358699986711,,True,
631,marker_done,10.538604100001976,8,1,iti,627,6,"{""event_id"": 627, ""code"": 6, ""device_micros"": null, ""simulated"": true}",,627,6,,,,True,
644,marker_request,10.644801000016741,9,1,prepare,627,6,"{""name"": ""trial_start"", ""code"": 2, ""pulse_ms"": 10, ""simulated"": true, ""task"": {""trial"": 9, ""block"": 1, ""phase"": ""prepare"", ""game_phase"": 1, ""tick"": 41, ""phase_blocks"": 0, ""x"": 20.002499999999998, ""y"": 50.0, ""vy"": 0.0, ""raw"": 0.81, ""normalized"": 0, ""smoothed"": 0.0, ""result"": 0, ""collision_object"": 0, ""reason"": """", ""feedback_steps"": 2}, ""timing"": ""callOnFlip""}",trial_start,,2,10,,,True,
645,marker_ack,10.644933599978685,9,1,prepare,644,2,"{""event_id"": 644, ""code"": 2, ""t_write_host_s"": 10.644929600064643, ""device_micros"": null, ""simulated"": true}",,644,2,,10.644929600064643,,True,
647,marker_done,10.655480499961413,9,1,prepare,644,2,"{""event_id"": 644, ""code"": 2, ""device_micros"": null, ""simulated"": true}",,644,2,,,,True,
660,marker_request,10.777137299999595,9,1,feedback,644,2,"{""name"": ""feedback_start"", ""code"": 3, ""pulse_ms"": 10, ""simulated"": true, ""task"": {""trial"": 9, ""block"": 1, ""phase"": ""feedback"", ""game_phase"": 2, ""tick"": 42, ""phase_blocks"": 0, ""x"": 20.0, ""y"": 50.0, ""vy"": 0.0, ""raw"": 0.81, ""normalized"": 0, ""smoothed"": 0.0, ""result"": 0, ""collision_object"": 0, ""reason"": """", ""feedback_steps"": 0}, ""timing"": ""callOnFlip""}",feedback_start,,3,10,,,True,
661,marker_ack,10.777236000052653,9,1,feedback,660,3,"{""event_id"": 660, ""code"": 3, ""t_write_host_s"": 10.777230600011535, ""device_micros"": null, ""simulated"": true}",,660,3,,10.777230600011535,,True,
663,marker_done,10.787480600061826,9,1,feedback,660,3,"{""event_id"": 660, ""code"": 3, ""device_micros"": null, ""simulated"": true}",,660,3,,,,True,
689,marker_request,11.027202900033444,9,1,result,660,3,"{""name"": ""success"", ""code"": 4, ""pulse_ms"": 10, ""simulated"": true, ""task"": {""trial"": 9, ""block"": 1, ""phase"": ""result"", ""game_phase"": 4, ""tick"": 44, ""phase_blocks"": 0, ""x"": 20.002499999999998, ""y"": 50.0, ""vy"": 0.0, ""raw"": 0.81, ""normalized"": 0, ""smoothed"": 0.0, ""result"": 1, ""collision_object"": 0, ""reason"": ""duration"", ""feedback_steps"": 2}, ""timing"": ""callOnFlip""}",success,,4,10,,,True,
690,marker_ack,11.0272699999623,9,1,result,689,4,"{""event_id"": 689, ""code"": 4, ""t_write_host_s"": 11.027267300058156, ""device_micros"": null, ""simulated"": true}",,689,4,,11.027267300058156,,True,
692,marker_done,11.038092900067568,9,1,result,689,4,"{""event_id"": 689, ""code"": 4, ""device_micros"": null, ""simulated"": true}",,689,4,,,,True,
704,marker_request,11.14373330003582,9,1,iti,689,4,"{""name"": ""trial_end"", ""code"": 6, ""pulse_ms"": 10, ""simulated"": true, ""task"": {""trial"": 9, ""block"": 1, ""phase"": ""iti"", ""game_phase"": 6, ""tick"": 45, ""phase_blocks"": 0, ""x"": 20.002499999999998, ""y"": 50.0, ""vy"": 0.0, ""raw"": 0.81, ""normalized"": 0, ""smoothed"": 0.0, ""result"": 1, ""collision_object"": 0, ""reason"": ""duration"", ""feedback_steps"": 2}, ""timing"": ""callOnFlip""}",trial_end,,6,10,,,True,
706,marker_ack,11.143830400076695,9,1,iti,704,6,"{""event_id"": 704, ""code"": 6, ""t_write_host_s"": 11.143827900057659, ""device_micros"": null, ""simulated"": true}",,704,6,,11.143827900057659,,True,
708,marker_done,11.153912000008859,9,1,iti,704,6,"{""event_id"": 704, ""code"": 6, ""device_micros"": null, ""simulated"": true}",,704,6,,,,True,
722,marker_request,11.277329400065355,10,1,prepare,704,6,"{""name"": ""trial_start"", ""code"": 2, ""pulse_ms"": 10, ""simulated"": true, ""task"": {""trial"": 10, ""block"": 1, ""phase"": ""prepare"", ""game_phase"": 1, ""tick"": 46, ""phase_blocks"": 0, ""x"": 20.002499999999998, ""y"": 50.0, ""vy"": 0.0, ""raw"": 0.81, ""normalized"": 0, ""smoothed"": 0.0, ""result"": 0, ""collision_object"": 0, ""reason"": """", ""feedback_steps"": 2}, ""timing"": ""callOnFlip""}",trial_start,,2,10,,,True,
723,marker_ack,11.27739130007103,10,1,prepare,722,2,"{""event_id"": 722, ""code"": 2, ""t_write_host_s"": 11.277388700051233, ""device_micros"": null, ""simulated"": true}",,722,2,,11.277388700051233,,True,
725,marker_done,11.287821499980055,10,1,prepare,722,2,"{""event_id"": 722, ""code"": 2, ""device_micros"": null, ""simulated"": true}",,722,2,,,,True,
737,marker_request,11.394017299986444,10,1,feedback,722,2,"{""name"": ""feedback_start"", ""code"": 3, ""pulse_ms"": 10, ""simulated"": true, ""task"": {""trial"": 10, ""block"": 1, ""phase"": ""feedback"", ""game_phase"": 2, ""tick"": 47, ""phase_blocks"": 0, ""x"": 20.0, ""y"": 50.0, ""vy"": 0.0, ""raw"": 0.81, ""normalized"": 0, ""smoothed"": 0.0, ""result"": 0, ""collision_object"": 0, ""reason"": """", ""feedback_steps"": 0}, ""timing"": ""callOnFlip""}",feedback_start,,3,10,,,True,
738,marker_ack,11.394105799961835,10,1,feedback,737,3,"{""event_id"": 737, ""code"": 3, ""t_write_host_s"": 11.394101900048554, ""device_micros"": null, ""simulated"": true}",,737,3,,11.394101900048554,,True,
740,marker_done,11.40431770007126,10,1,feedback,737,3,"{""event_id"": 737, ""code"": 3, ""device_micros"": null, ""simulated"": true}",,737,3,,,,True,
766,marker_request,11.643971799989231,10,1,result,737,3,"{""name"": ""success"", ""code"": 4, ""pulse_ms"": 10, ""simulated"": true, ""task"": {""trial"": 10, ""block"": 1, ""phase"": ""result"", ""game_phase"": 4, ""tick"": 49, ""phase_blocks"": 0, ""x"": 20.002499999999998, ""y"": 50.0, ""vy"": 0.0, ""raw"": 0.81, ""normalized"": 0, ""smoothed"": 0.0, ""result"": 1, ""collision_object"": 0, ""reason"": ""duration"", ""feedback_steps"": 2}, ""timing"": ""callOnFlip""}",success,,4,10,,,True,
767,marker_ack,11.644032199983485,10,1,result,766,4,"{""event_id"": 766, ""code"": 4, ""t_write_host_s"": 11.644029599963687, ""device_micros"": null, ""simulated"": true}",,766,4,,11.644029599963687,,True,
769,marker_done,11.654939600033686,10,1,result,766,4,"{""event_id"": 766, ""code"": 4, ""device_micros"": null, ""simulated"": true}",,766,4,,,,True,
781,marker_request,11.760447700042278,10,1,iti,766,4,"{""name"": ""trial_end"", ""code"": 6, ""pulse_ms"": 10, ""simulated"": true, ""task"": {""trial"": 10, ""block"": 1, ""phase"": ""iti"", ""game_phase"": 6, ""tick"": 50, ""phase_blocks"": 0, ""x"": 20.002499999999998, ""y"": 50.0, ""vy"": 0.0, ""raw"": 0.81, ""normalized"": 0, ""smoothed"": 0.0, ""result"": 1, ""collision_object"": 0, ""reason"": ""duration"", ""feedback_steps"": 2}, ""timing"": ""callOnFlip""}",trial_end,,6,10,,,True,
783,marker_ack,11.760542200063355,10,1,iti,781,6,"{""event_id"": 781, ""code"": 6, ""t_write_host_s"": 11.76052280003205, ""device_micros"": null, ""simulated"": true}",,781,6,,11.76052280003205,,True,
784,marker_request,11.760573100065812,10,1,complete,781,6,"{""name"": ""run_end"", ""code"": 7, ""pulse_ms"": 10, ""simulated"": true, ""task"": {""trial"": 10, ""block"": 1, ""phase"": ""complete"", ""game_phase"": 7, ""tick"": 50, ""phase_blocks"": 0, ""x"": 20.002499999999998, ""y"": 50.0, ""vy"": 0.0, ""raw"": 0.81, ""normalized"": 0, ""smoothed"": 0.0, ""result"": 1, ""collision_object"": 0, ""reason"": ""duration"", ""feedback_steps"": 2}, ""timing"": ""callOnFlip""}",run_end,,7,10,,,True,
786,marker_done,11.771232399973087,10,1,complete,784,7,"{""event_id"": 781, ""code"": 6, ""device_micros"": null, ""simulated"": true}",,781,6,,,,True,
787,marker_ack,11.77133490005508,10,1,complete,784,7,"{""event_id"": 784, ""code"": 7, ""t_write_host_s"": 11.771331500029191, ""device_micros"": null, ""simulated"": true}",,784,7,,11.771331500029191,,True,
789,marker_done,11.782211999990977,10,1,complete,784,7,"{""event_id"": 784, ""code"": 7, ""device_micros"": null, ""simulated"": true}",,784,7,,,,True,
