id,kind,t_host_s,trial,block,phase,last_marker_request_id,last_marker_code,payload_json,tick,game_phase,x,y,vy,raw,normalized,smoothed,result,collision_object,reason,grip_sample_id,scheduled_lateness_s
3,task,5.494297800003551,0,1,pre_run,,,"{""trial"": 0, ""block"": 1, ""phase"": ""pre_run"", ""game_phase"": 0, ""tick"": 1, ""phase_blocks"": 1, ""x"": 20.0, ""y"": 50.0, ""vy"": 0.0, ""raw"": 0.0, ""normalized"": 0.0, ""smoothed"": 0.0, ""result"": 0, ""collision_object"": 0, ""reason"": """", ""feedback_steps"": 0, ""grip_sample_id"": 2, ""scheduled_lateness_s"": 0.00021520000882446766}",1,0,20.0,50.0,0.0,0.0,0.0,0.0,0,0,,2,0.00021520000882446766
20,task,5.627978399978019,1,1,prepare,15,1,"{""trial"": 1, ""block"": 1, ""phase"": ""prepare"", ""game_phase"": 1, ""tick"": 2, ""phase_blocks"": 1, ""x"": 20.0, ""y"": 50.0, ""vy"": 0.0, ""raw"": 0.0, ""normalized"": 0.0, ""smoothed"": 0.0, ""result"": 0, ""collision_object"": 0, ""reason"": """", ""feedback_steps"": 0, ""grip_sample_id"": 19, ""scheduled_lateness_s"": 0.00889559998176992}",2,1,20.0,50.0,0.0,0.0,0.0,0.0,0,0,,19,0.00889559998176992
35,task,5.744679900002666,1,1,feedback,22,2,"{""trial"": 1, ""block"": 1, ""phase"": ""feedback"", ""game_phase"": 2, ""tick"": 3, ""phase_blocks"": 1, ""x"": 20.0, ""y"": 50.0, ""vy"": 0.0, ""raw"": 0.0, ""normalized"": 0.0, ""smoothed"": 0.0, ""result"": 0, ""collision_object"": 0, ""reason"": """", ""feedback_steps"": 0, ""grip_sample_id"": 34, ""scheduled_lateness_s"": 0.0005944999866187572}",3,2,20.0,50.0,0.0,0.0,0.0,0.0,0,0,,34,0.0005944999866187572
51,task,5.877445799997076,1,1,feedback,38,3,"{""trial"": 1, ""block"": 1, ""phase"": ""feedback"", ""game_phase"": 2, ""tick"": 4, ""phase_blocks"": 2, ""x"": 20.00125, ""y"": 50.0, ""vy"": 0.0, ""raw"": 0.81, ""normalized"": 0, ""smoothed"": 0.0, ""result"": 0, ""collision_object"": 0, ""reason"": """", ""feedback_steps"": 1, ""grip_sample_id"": 50, ""scheduled_lateness_s"": 0.008340900065377355}",4,2,20.00125,50.0,0.0,0.81,0,0.0,0,0,,50,0.008340900065377355
64,task,5.99454300000798,1,1,result,38,3,"{""trial"": 1, ""block"": 1, ""phase"": ""result"", ""game_phase"": 4, ""tick"": 5, ""phase_blocks"": 1, ""x"": 20.002499999999998, ""y"": 50.0, ""vy"": 0.0, ""raw"": 0.81, ""normalized"": 0, ""smoothed"": 0.0, ""result"": 1, ""collision_object"": 0, ""reason"": ""duration"", ""feedback_steps"": 2, ""grip_sample_id"": 63, ""scheduled_lateness_s"": 0.0004187000449746847}",5,4,20.002499999999998,50.0,0.0,0.81,0,0.0,1,0,duration,63,0.0004187000449746847
80,task,6.127565499977209,1,1,iti,66,4,"{""trial"": 1, ""block"": 1, ""phase"": ""iti"", ""game_phase"": 6, ""tick"": 6, ""phase_blocks"": 1, ""x"": 20.002499999999998, ""y"": 50.0, ""vy"": 0.0, ""raw"": 0.81, ""normalized"": 0, ""smoothed"": 0.0, ""result"": 1, ""collision_object"": 0, ""reason"": ""duration"", ""feedback_steps"": 2, ""grip_sample_id"": 79, ""scheduled_lateness_s"": 0.008481199969537556}",6,6,20.002499999999998,50.0,0.0,0.81,0,0.0,1,0,duration,79,0.008481199969537556
98,task,6.260327100055292,2,1,prepare,83,6,"{""trial"": 2, ""block"": 1, ""phase"": ""prepare"", ""game_phase"": 1, ""tick"": 7, ""phase_blocks"": 1, ""x"": 20.002499999999998, ""y"": 50.0, ""vy"": 0.0, ""raw"": 0.81, ""normalized"": 0, ""smoothed"": 0.0, ""result"": 0, ""collision_object"": 0, ""reason"": """", ""feedback_steps"": 2, ""grip_sample_id"": 97, ""scheduled_lateness_s"": 0.01624320005066693}",7,1,20.002499999999998,50.0,0.0,0.81,0,0.0,0,0,,97,0.01624320005066693
113,task,6.377020900021307,2,1,feedback,101,2,"{""trial"": 2, ""block"": 1, ""phase"": ""feedback"", ""game_phase"": 2, ""tick"": 8, ""phase_blocks"": 1, ""x"": 20.0, ""y"": 50.0, ""vy"": 0.0, ""raw"": 0.81, ""normalized"": 0, ""smoothed"": 0.0, ""result"": 0, ""collision_object"": 0, ""reason"": """", ""feedback_steps"": 0, ""grip_sample_id"": 112, ""scheduled_lateness_s"": 0.00793840002734214}",8,2,20.0,50.0,0.0,0.81,0,0.0,0,0,,112,0.00793840002734214
128,task,6.494175700005144,2,1,feedback,116,3,"{""trial"": 2, ""block"": 1, ""phase"": ""feedback"", ""game_phase"": 2, ""tick"": 9, ""phase_blocks"": 2, ""x"": 20.00125, ""y"": 50.0, ""vy"": 0.0, ""raw"": 0.81, ""normalized"": 0, ""smoothed"": 0.0, ""result"": 0, ""collision_object"": 0, ""reason"": """", ""feedback_steps"": 1, ""grip_sample_id"": 127, ""scheduled_lateness_s"": 7.209996692836285e-05}",9,2,20.00125,50.0,0.0,0.81,0,0.0,0,0,,127,7.209996692836285e-05
142,task,6.627772200037725,2,1,result,116,3,"{""trial"": 2, ""block"": 1, ""phase"": ""result"", ""game_phase"": 4, ""tick"": 10, ""phase_blocks"": 1, ""x"": 20.002499999999998, ""y"": 50.0, ""vy"": 0.0, ""raw"": 0.81, ""normalized"": 0, ""smoothed"": 0.0, ""result"": 1, ""collision_object"": 0, ""reason"": ""duration"", ""feedback_steps"": 2, ""grip_sample_id"": 141, ""scheduled_lateness_s"": 0.008669300004839897}",10,4,20.002499999999998,50.0,0.0,0.81,0,0.0,1,0,duration,141,0.008669300004839897
159,task,6.760632400051691,2,1,iti,145,4,"{""trial"": 2, ""block"": 1, ""phase"": ""iti"", ""game_phase"": 6, ""tick"": 11, ""phase_blocks"": 1, ""x"": 20.002499999999998, ""y"": 50.0, ""vy"": 0.0, ""raw"": 0.81, ""normalized"": 0, ""smoothed"": 0.0, ""result"": 1, ""collision_object"": 0, ""reason"": ""duration"", ""feedback_steps"": 2, ""grip_sample_id"": 158, ""scheduled_lateness_s"": 0.016548600047826767}",11,6,20.002499999999998,50.0,0.0,0.81,0,0.0,1,0,duration,158,0.016548600047826767
175,task,6.877526100026444,3,1,prepare,161,6,"{""trial"": 3, ""block"": 1, ""phase"": ""prepare"", ""game_phase"": 1, ""tick"": 12, ""phase_blocks"": 1, ""x"": 20.002499999999998, ""y"": 50.0, ""vy"": 0.0, ""raw"": 0.81, ""normalized"": 0, ""smoothed"": 0.0, ""result"": 0, ""collision_object"": 0, ""reason"": """", ""feedback_steps"": 2, ""grip_sample_id"": 174, ""scheduled_lateness_s"": 0.008439800003543496}",12,1,20.002499999999998,50.0,0.0,0.81,0,0.0,0,0,,174,0.008439800003543496
190,task,6.9957128000678495,3,1,feedback,178,2,"{""trial"": 3, ""block"": 1, ""phase"": ""feedback"", ""game_phase"": 2, ""tick"": 13, ""phase_blocks"": 1, ""x"": 20.0, ""y"": 50.0, ""vy"": 0.0, ""raw"": 0.81, ""normalized"": 0, ""smoothed"": 0.0, ""result"": 0, ""collision_object"": 0, ""reason"": """", ""feedback_steps"": 0, ""grip_sample_id"": 189, ""scheduled_lateness_s"": 0.0016213000053539872}",13,2,20.0,50.0,0.0,0.81,0,0.0,0,0,,189,0.0016213000053539872
207,task,7.128043700009584,3,1,feedback,193,3,"{""trial"": 3, ""block"": 1, ""phase"": ""feedback"", ""game_phase"": 2, ""tick"": 14, ""phase_blocks"": 2, ""x"": 20.00125, ""y"": 50.0, ""vy"": 0.0, ""raw"": 0.81, ""normalized"": 0, ""smoothed"": 0.0, ""result"": 0, ""collision_object"": 0, ""reason"": """", ""feedback_steps"": 1, ""grip_sample_id"": 206, ""scheduled_lateness_s"": 0.008942499989643693}",14,2,20.00125,50.0,0.0,0.81,0,0.0,0,0,,206,0.008942499989643693
219,task,7.244916100054979,3,1,result,193,3,"{""trial"": 3, ""block"": 1, ""phase"": ""result"", ""game_phase"": 4, ""tick"": 15, ""phase_blocks"": 1, ""x"": 20.002499999999998, ""y"": 50.0, ""vy"": 0.0, ""raw"": 0.81, ""normalized"": 0, ""smoothed"": 0.0, ""result"": 1, ""collision_object"": 0, ""reason"": ""duration"", ""feedback_steps"": 2, ""grip_sample_id"": 218, ""scheduled_lateness_s"": 0.0008157000411301851}",15,4,20.002499999999998,50.0,0.0,0.81,0,0.0,1,0,duration,218,0.0008157000411301851
235,task,7.377106399973854,3,1,iti,221,4,"{""trial"": 3, ""block"": 1, ""phase"": ""iti"", ""game_phase"": 6, ""tick"": 16, ""phase_blocks"": 1, ""x"": 20.002499999999998, ""y"": 50.0, ""vy"": 0.0, ""raw"": 0.81, ""normalized"": 0, ""smoothed"": 0.0, ""result"": 1, ""collision_object"": 0, ""reason"": ""duration"", ""feedback_steps"": 2, ""grip_sample_id"": 234, ""scheduled_lateness_s"": 0.008022399968467653}",16,6,20.002499999999998,50.0,0.0,0.81,0,0.0,1,0,duration,234,0.008022399968467653
253,task,7.511528700008057,4,1,prepare,238,6,"{""trial"": 4, ""block"": 1, ""phase"": ""prepare"", ""game_phase"": 1, ""tick"": 17, ""phase_blocks"": 1, ""x"": 20.002499999999998, ""y"": 50.0, ""vy"": 0.0, ""raw"": 0.81, ""normalized"": 0, ""smoothed"": 0.0, ""result"": 0, ""collision_object"": 0, ""reason"": """", ""feedback_steps"": 2, ""grip_sample_id"": 252, ""scheduled_lateness_s"": 0.01744570001028478}",17,1,20.002499999999998,50.0,0.0,0.81,0,0.0,0,0,,252,0.01744570001028478
268,task,7.628039599978365,4,1,feedback,256,2,"{""trial"": 4, ""block"": 1, ""phase"": ""feedback"", ""game_phase"": 2, ""tick"": 18, ""phase_blocks"": 1, ""x"": 20.0, ""y"": 50.0, ""vy"": 0.0, ""raw"": 0.81, ""normalized"": 0, ""smoothed"": 0.0, ""result"": 0, ""collision_object"": 0, ""reason"": """", ""feedback_steps"": 0, ""grip_sample_id"": 267, ""scheduled_lateness_s"": 0.008954399963840842}",18,2,20.0,50.0,0.0,0.81,0,0.0,0,0,,267,0.008954399963840842
283,task,7.744492499972694,4,1,feedback,271,3,"{""trial"": 4, ""block"": 1, ""phase"": ""feedback"", ""game_phase"": 2, ""tick"": 19, ""phase_blocks"": 2, ""x"": 20.00125, ""y"": 50.0, ""vy"": 0.0, ""raw"": 0.81, ""normalized"": 0, ""smoothed"": 0.0, ""result"": 0, ""collision_object"": 0, ""reason"": """", ""feedback_steps"": 1, ""grip_sample_id"": 282, ""scheduled_lateness_s"": 0.0003850000211969018}",19,2,20.00125,50.0,0.0,0.81,0,0.0,0,0,,282,0.0003850000211969018
297,task,7.878409099997953,4,1,result,271,3,"{""trial"": 4, ""block"": 1, ""phase"": ""result"", ""game_phase"": 4, ""tick"": 20, ""phase_blocks"": 1, ""x"": 20.002499999999998, ""y"": 50.0, ""vy"": 0.0, ""raw"": 0.81, ""normalized"": 0, ""smoothed"": 0.0, ""result"": 1, ""collision_object"": 0, ""reason"": ""duration"", ""feedback_steps"": 2, ""grip_sample_id"": 296, ""scheduled_lateness_s"": 0.009301900048740208}",20,4,20.002499999999998,50.0,0.0,0.81,0,0.0,1,0,duration,296,0.009301900048740208
313,task,8.010358200059272,4,1,iti,300,4,"{""trial"": 4, ""block"": 1, ""phase"": ""iti"", ""game_phase"": 6, ""tick"": 21, ""phase_blocks"": 1, ""x"": 20.002499999999998, ""y"": 50.0, ""vy"": 0.0, ""raw"": 0.81, ""normalized"": 0, ""smoothed"": 0.0, ""result"": 1, ""collision_object"": 0, ""reason"": ""duration"", ""feedback_steps"": 2, ""grip_sample_id"": 312, ""scheduled_lateness_s"": 0.01627240004017949}",21,6,20.002499999999998,50.0,0.0,0.81,0,0.0,1,0,duration,312,0.01627240004017949
330,task,8.12957800005097,5,1,prepare,316,6,"{""trial"": 5, ""block"": 1, ""phase"": ""prepare"", ""game_phase"": 1, ""tick"": 22, ""phase_blocks"": 1, ""x"": 20.002499999999998, ""y"": 50.0, ""vy"": 0.0, ""raw"": 0.81, ""normalized"": 0, ""smoothed"": 0.0, ""result"": 0, ""collision_object"": 0, ""reason"": """", ""feedback_steps"": 2, ""grip_sample_id"": 329, ""scheduled_lateness_s"": 0.010478900047019124}",22,1,20.002499999999998,50.0,0.0,0.81,0,0.0,0,0,,329,0.010478900047019124
345,task,8.244777000043541,5,1,feedback,332,2,"{""trial"": 5, ""block"": 1, ""phase"": ""feedback"", ""game_phase"": 2, ""tick"": 23, ""phase_blocks"": 1, ""x"": 20.0, ""y"": 50.0, ""vy"": 0.0, ""raw"": 0.81, ""normalized"": 0, ""smoothed"": 0.0, ""result"": 0, ""collision_object"": 0, ""reason"": """", ""feedback_steps"": 0, ""grip_sample_id"": 344, ""scheduled_lateness_s"": 0.0006912000244483352}",23,2,20.0,50.0,0.0,0.81,0,0.0,0,0,,344,0.0006912000244483352
361,task,8.377046899986453,5,1,feedback,347,3,"{""trial"": 5, ""block"": 1, ""phase"": ""feedback"", ""game_phase"": 2, ""tick"": 24, ""phase_blocks"": 2, ""x"": 20.00125, ""y"": 50.0, ""vy"": 0.0, ""raw"": 0.81, ""normalized"": 0, ""smoothed"": 0.0, ""result"": 0, ""collision_object"": 0, ""reason"": """", ""feedback_steps"": 1, ""grip_sample_id"": 360, ""scheduled_lateness_s"": 0.007937900023534894}",24,2,20.00125,50.0,0.0,0.81,0,0.0,0,0,,360,0.007937900023534894
373,task,8.494138200068846,5,1,result,347,3,"{""trial"": 5, ""block"": 1, ""phase"": ""result"", ""game_phase"": 4, ""tick"": 25, ""phase_blocks"": 1, ""x"": 20.002499999999998, ""y"": 50.0, ""vy"": 0.0, ""raw"": 0.81, ""normalized"": 0, ""smoothed"": 0.0, ""result"": 1, ""collision_object"": 0, ""reason"": ""duration"", ""feedback_steps"": 2, ""grip_sample_id"": 372, ""scheduled_lateness_s"": 2.9199989512562752e-05}",25,4,20.002499999999998,50.0,0.0,0.81,0,0.0,1,0,duration,372,2.9199989512562752e-05
390,task,8.627566699986346,5,1,iti,376,4,"{""trial"": 5, ""block"": 1, ""phase"": ""iti"", ""game_phase"": 6, ""tick"": 26, ""phase_blocks"": 1, ""x"": 20.002499999999998, ""y"": 50.0, ""vy"": 0.0, ""raw"": 0.81, ""normalized"": 0, ""smoothed"": 0.0, ""result"": 1, ""collision_object"": 0, ""reason"": ""duration"", ""feedback_steps"": 2, ""grip_sample_id"": 389, ""scheduled_lateness_s"": 0.008483499987050891}",26,6,20.002499999999998,50.0,0.0,0.81,0,0.0,1,0,duration,389,0.008483499987050891
406,task,8.744363800040446,6,1,prepare,393,6,"{""trial"": 6, ""block"": 1, ""phase"": ""prepare"", ""game_phase"": 1, ""tick"": 27, ""phase_blocks"": 1, ""x"": 20.002499999999998, ""y"": 50.0, ""vy"": 0.0, ""raw"": 0.81, ""normalized"": 0, ""smoothed"": 0.0, ""result"": 0, ""collision_object"": 0, ""reason"": """", ""feedback_steps"": 2, ""grip_sample_id"": 405, ""scheduled_lateness_s"": 0.00027680001221597195}",27,1,20.002499999999998,50.0,0.0,0.81,0,0.0,0,0,,405,0.00027680001221597195
423,task,8.87747130007483,6,1,feedback,409,2,"{""trial"": 6, ""block"": 1, ""phase"": ""feedback"", ""game_phase"": 2, ""tick"": 28, ""phase_blocks"": 1, ""x"": 20.0, ""y"": 50.0, ""vy"": 0.0, ""raw"": 0.81, ""normalized"": 0, ""smoothed"": 0.0, ""result"": 0, ""collision_object"": 0, ""reason"": """", ""feedback_steps"": 0, ""grip_sample_id"": 422, ""scheduled_lateness_s"": 0.008380800019949675}",28,2,20.0,50.0,0.0,0.81,0,0.0,0,0,,422,0.008380800019949675
440,task,9.011121200048365,6,1,feedback,426,3,"{""trial"": 6, ""block"": 1, ""phase"": ""feedback"", ""game_phase"": 2, ""tick"": 29, ""phase_blocks"": 2, ""x"": 20.00125, ""y"": 50.0, ""vy"": 0.0, ""raw"": 0.81, ""normalized"": 0, ""smoothed"": 0.0, ""result"": 0, ""collision_object"": 0, ""reason"": """", ""feedback_steps"": 1, ""grip_sample_id"": 439, ""scheduled_lateness_s"": 0.017023200052790344}",29,2,20.00125,50.0,0.0,0.81,0,0.0,0,0,,439,0.017023200052790344
452,task,9.129770600004122,6,1,result,426,3,"{""trial"": 6, ""block"": 1, ""phase"": ""result"", ""game_phase"": 4, ""tick"": 30, ""phase_blocks"": 1, ""x"": 20.002499999999998, ""y"": 50.0, ""vy"": 0.0, ""raw"": 0.81, ""normalized"": 0, ""smoothed"": 0.0, ""result"": 1, ""collision_object"": 0, ""reason"": ""duration"", ""feedback_steps"": 2, ""grip_sample_id"": 451, ""scheduled_lateness_s"": 0.010660800035111606}",30,4,20.002499999999998,50.0,0.0,0.81,0,0.0,1,0,duration,451,0.010660800035111606
467,task,9.24466950003989,6,1,iti,455,4,"{""trial"": 6, ""block"": 1, ""phase"": ""iti"", ""game_phase"": 6, ""tick"": 31, ""phase_blocks"": 1, ""x"": 20.002499999999998, ""y"": 50.0, ""vy"": 0.0, ""raw"": 0.81, ""normalized"": 0, ""smoothed"": 0.0, ""result"": 1, ""collision_object"": 0, ""reason"": ""duration"", ""feedback_steps"": 2, ""grip_sample_id"": 466, ""scheduled_lateness_s"": 0.0005854000337421894}",31,6,20.002499999999998,50.0,0.0,0.81,0,0.0,1,0,duration,466,0.0005854000337421894
485,task,9.378327300073579,7,1,prepare,470,6,"{""trial"": 7, ""block"": 1, ""phase"": ""prepare"", ""game_phase"": 1, ""tick"": 32, ""phase_blocks"": 1, ""x"": 20.002499999999998, ""y"": 50.0, ""vy"": 0.0, ""raw"": 0.81, ""normalized"": 0, ""smoothed"": 0.0, ""result"": 0, ""collision_object"": 0, ""reason"": """", ""feedback_steps"": 2, ""grip_sample_id"": 484, ""scheduled_lateness_s"": 0.00924250006210059}",32,1,20.002499999999998,50.0,0.0,0.81,0,0.0,0,0,,484,0.00924250006210059
502,task,9.510723900049925,7,1,feedback,488,2,"{""trial"": 7, ""block"": 1, ""phase"": ""feedback"", ""game_phase"": 2, ""tick"": 33, ""phase_blocks"": 1, ""x"": 20.0, ""y"": 50.0, ""vy"": 0.0, ""raw"": 0.81, ""normalized"": 0, ""smoothed"": 0.0, ""result"": 0, ""collision_object"": 0, ""reason"": """", ""feedback_steps"": 0, ""grip_sample_id"": 501, ""scheduled_lateness_s"": 0.01662969996687025}",33,2,20.0,50.0,0.0,0.81,0,0.0,0,0,,501,0.01662969996687025
517,task,9.628387200064026,7,1,feedback,504,3,"{""trial"": 7, ""block"": 1, ""phase"": ""feedback"", ""game_phase"": 2, ""tick"": 34, ""phase_blocks"": 2, ""x"": 20.00125, ""y"": 50.0, ""vy"": 0.0, ""raw"": 0.81, ""normalized"": 0, ""smoothed"": 0.0, ""result"": 0, ""collision_object"": 0, ""reason"": """", ""feedback_steps"": 1, ""grip_sample_id"": 516, ""scheduled_lateness_s"": 0.009286200045607984}",34,2,20.00125,50.0,0.0,0.81,0,0.0,0,0,,516,0.009286200045607984
530,task,9.744935999973677,7,1,result,504,3,"{""trial"": 7, ""block"": 1, ""phase"": ""result"", ""game_phase"": 4, ""tick"": 35, ""phase_blocks"": 1, ""x"": 20.002499999999998, ""y"": 50.0, ""vy"": 0.0, ""raw"": 0.81, ""normalized"": 0, ""smoothed"": 0.0, ""result"": 1, ""collision_object"": 0, ""reason"": ""duration"", ""feedback_steps"": 2, ""grip_sample_id"": 529, ""scheduled_lateness_s"": 0.0008308000396937132}",35,4,20.002499999999998,50.0,0.0,0.81,0,0.0,1,0,duration,529,0.0008308000396937132
546,task,9.878233800060116,7,1,iti,532,4,"{""trial"": 7, ""block"": 1, ""phase"": ""iti"", ""game_phase"": 6, ""tick"": 36, ""phase_blocks"": 1, ""x"": 20.002499999999998, ""y"": 50.0, ""vy"": 0.0, ""raw"": 0.81, ""normalized"": 0, ""smoothed"": 0.0, ""result"": 1, ""collision_object"": 0, ""reason"": ""duration"", ""feedback_steps"": 2, ""grip_sample_id"": 545, ""scheduled_lateness_s"": 0.009147800039499998}",36,6,20.002499999999998,50.0,0.0,0.81,0,0.0,1,0,duration,545,0.009147800039499998
563,task,9.994503100053407,8,1,prepare,549,6,"{""trial"": 8, ""block"": 1, ""phase"": ""prepare"", ""game_phase"": 1, ""tick"": 37, ""phase_blocks"": 1, ""x"": 20.002499999999998, ""y"": 50.0, ""vy"": 0.0, ""raw"": 0.81, ""normalized"": 0, ""smoothed"": 0.0, ""result"": 0, ""collision_object"": 0, ""reason"": """", ""feedback_steps"": 2, ""grip_sample_id"": 562, ""scheduled_lateness_s"": 0.000417300034314394}",37,1,20.002499999999998,50.0,0.0,0.81,0,0.0,0,0,,562,0.000417300034314394
579,task,10.128706200048327,8,1,feedback,565,2,"{""trial"": 8, ""block"": 1, ""phase"": ""feedback"", ""game_phase"": 2, ""tick"": 38, ""phase_blocks"": 1, ""x"": 20.0, ""y"": 50.0, ""vy"": 0.0, ""raw"": 0.81, ""normalized"": 0, ""smoothed"": 0.0, ""result"": 0, ""collision_object"": 0, ""reason"": """", ""feedback_steps"": 0, ""grip_sample_id"": 578, ""scheduled_lateness_s"": 0.009598699980415404}",38,2,20.0,50.0,0.0,0.81,0,0.0,0,0,,578,0.009598699980415404
594,task,10.24577020003926,8,1,feedback,582,3,"{""trial"": 8, ""block"": 1, ""phase"": ""feedback"", ""game_phase"": 2, ""tick"": 39, ""phase_blocks"": 2, ""x"": 20.00125, ""y"": 50.0, ""vy"": 0.0, ""raw"": 0.81, ""normalized"": 0, ""smoothed"": 0.0, ""result"": 0, ""collision_object"": 0, ""reason"": """", ""feedback_steps"": 1, ""grip_sample_id"": 593, ""scheduled_lateness_s"": 0.0016570000443607569}",39,2,20.00125,50.0,0.0,0.81,0,0.0,0,0,,593,0.0016570000443607569
608,task,10.376985999988392,8,1,result,582,3,"{""trial"": 8, ""block"": 1, ""phase"": ""result"", ""game_phase"": 4, ""tick"": 40, ""phase_blocks"": 1, ""x"": 20.002499999999998, ""y"": 50.0, ""vy"": 0.0, ""raw"": 0.81, ""normalized"": 0, ""smoothed"": 0.0, ""result"": 1, ""collision_object"": 0, ""reason"": ""duration"", ""feedback_steps"": 2, ""grip_sample_id"": 607, ""scheduled_lateness_s"": 0.00788489996921271}",40,4,20.002499999999998,50.0,0.0,0.81,0,0.0,1,0,duration,607,0.00788489996921271
625,task,10.510621799970977,8,1,iti,610,4,"{""trial"": 8, ""block"": 1, ""phase"": ""iti"", ""game_phase"": 6, ""tick"": 41, ""phase_blocks"": 1, ""x"": 20.002499999999998, ""y"": 50.0, ""vy"": 0.0, ""raw"": 0.81, ""normalized"": 0, ""smoothed"": 0.0, ""result"": 1, ""collision_object"": 0, ""reason"": ""duration"", ""feedback_steps"": 2, ""grip_sample_id"": 624, ""scheduled_lateness_s"": 0.01653320004697889}",41,6,20.002499999999998,50.0,0.0,0.81,0,0.0,1,0,duration,624,0.01653320004697889
641,task,10.627914300072007,9,1,prepare,627,6,"{""trial"": 9, ""block"": 1, ""phase"": ""prepare"", ""game_phase"": 1, ""tick"": 42, ""phase_blocks"": 1, ""x"": 20.002499999999998, ""y"": 50.0, ""vy"": 0.0, ""raw"": 0.81, ""normalized"": 0, ""smoothed"": 0.0, ""result"": 0, ""collision_object"": 0, ""reason"": """", ""feedback_steps"": 2, ""grip_sample_id"": 640, ""scheduled_lateness_s"": 0.008797000045888126}",42,1,20.002499999999998,50.0,0.0,0.81,0,0.0,0,0,,640,0.008797000045888126
658,task,10.760669199982658,9,1,feedback,644,2,"{""trial"": 9, ""block"": 1, ""phase"": ""feedback"", ""game_phase"": 2, ""tick"": 43, ""phase_blocks"": 1, ""x"": 20.0, ""y"": 50.0, ""vy"": 0.0, ""raw"": 0.81, ""normalized"": 0, ""smoothed"": 0.0, ""result"": 0, ""collision_object"": 0, ""reason"": """", ""feedback_steps"": 0, ""grip_sample_id"": 657, ""scheduled_lateness_s"": 0.016576700028963387}",43,2,20.0,50.0,0.0,0.81,0,0.0,0,0,,657,0.016576700028963387
673,task,10.878447200055234,9,1,feedback,660,3,"{""trial"": 9, ""block"": 1, ""phase"": ""feedback"", ""game_phase"": 2, ""tick"": 44, ""phase_blocks"": 2, ""x"": 20.00125, ""y"": 50.0, ""vy"": 0.0, ""raw"": 0.81, ""normalized"": 0, ""smoothed"": 0.0, ""result"": 0, ""collision_object"": 0, ""reason"": """", ""feedback_steps"": 1, ""grip_sample_id"": 672, ""scheduled_lateness_s"": 0.00934450002387166}",44,2,20.00125,50.0,0.0,0.81,0,0.0,0,0,,672,0.00934450002387166
686,task,11.010608399985358,9,1,result,660,3,"{""trial"": 9, ""block"": 1, ""phase"": ""result"", ""game_phase"": 4, ""tick"": 45, ""phase_blocks"": 1, ""x"": 20.002499999999998, ""y"": 50.0, ""vy"": 0.0, ""raw"": 0.81, ""normalized"": 0, ""smoothed"": 0.0, ""result"": 1, ""collision_object"": 0, ""reason"": ""duration"", ""feedback_steps"": 2, ""grip_sample_id"": 685, ""scheduled_lateness_s"": 0.01650500006508082}",45,4,20.002499999999998,50.0,0.0,0.81,0,0.0,1,0,duration,685,0.01650500006508082
701,task,11.127511100028642,9,1,iti,689,4,"{""trial"": 9, ""block"": 1, ""phase"": ""iti"", ""game_phase"": 6, ""tick"": 46, ""phase_blocks"": 1, ""x"": 20.002499999999998, ""y"": 50.0, ""vy"": 0.0, ""raw"": 0.81, ""normalized"": 0, ""smoothed"": 0.0, ""result"": 1, ""collision_object"": 0, ""reason"": ""duration"", ""feedback_steps"": 2, ""grip_sample_id"": 700, ""scheduled_lateness_s"": 0.008423999999649823}",46,6,20.002499999999998,50.0,0.0,0.81,0,0.0,1,0,duration,700,0.008423999999649823
719,task,11.260910400073044,10,1,prepare,704,6,"{""trial"": 10, ""block"": 1, ""phase"": ""prepare"", ""game_phase"": 1, ""tick"": 47, ""phase_blocks"": 1, ""x"": 20.002499999999998, ""y"": 50.0, ""vy"": 0.0, ""raw"": 0.81, ""normalized"": 0, ""smoothed"": 0.0, ""result"": 0, ""collision_object"": 0, ""reason"": """", ""feedback_steps"": 2, ""grip_sample_id"": 718, ""scheduled_lateness_s"": 0.01682690007146448}",47,1,20.002499999999998,50.0,0.0,0.81,0,0.0,0,0,,718,0.01682690007146448
734,task,11.37721289996989,10,1,feedback,722,2,"{""trial"": 10, ""block"": 1, ""phase"": ""feedback"", ""game_phase"": 2, ""tick"": 48, ""phase_blocks"": 1, ""x"": 20.0, ""y"": 50.0, ""vy"": 0.0, ""raw"": 0.81, ""normalized"": 0, ""smoothed"": 0.0, ""result"": 0, ""collision_object"": 0, ""reason"": """", ""feedback_steps"": 0, ""grip_sample_id"": 733, ""scheduled_lateness_s"": 0.008125100051984191}",48,2,20.0,50.0,0.0,0.81,0,0.0,0,0,,733,0.008125100051984191
749,task,11.494646899984218,10,1,feedback,737,3,"{""trial"": 10, ""block"": 1, ""phase"": ""feedback"", ""game_phase"": 2, ""tick"": 49, ""phase_blocks"": 2, ""x"": 20.00125, ""y"": 50.0, ""vy"": 0.0, ""raw"": 0.81, ""normalized"": 0, ""smoothed"": 0.0, ""result"": 0, ""collision_object"": 0, ""reason"": """", ""feedback_steps"": 1, ""grip_sample_id"": 748, ""scheduled_lateness_s"": 0.0005184999899938703}",49,2,20.00125,50.0,0.0,0.81,0,0.0,0,0,,748,0.0005184999899938703
763,task,11.627777200075798,10,1,result,737,3,"{""trial"": 10, ""block"": 1, ""phase"": ""result"", ""game_phase"": 4, ""tick"": 50, ""phase_blocks"": 1, ""x"": 20.002499999999998, ""y"": 50.0, ""vy"": 0.0, ""raw"": 0.81, ""normalized"": 0, ""smoothed"": 0.0, ""result"": 1, ""collision_object"": 0, ""reason"": ""duration"", ""feedback_steps"": 2, ""grip_sample_id"": 762, ""scheduled_lateness_s"": 0.008673900039866567}",50,4,20.002499999999998,50.0,0.0,0.81,0,0.0,1,0,duration,762,0.008673900039866567
778,task,11.74546760006342,10,1,complete,766,4,"{""trial"": 10, ""block"": 1, ""phase"": ""complete"", ""game_phase"": 7, ""tick"": 51, ""phase_blocks"": 1, ""x"": 20.002499999999998, ""y"": 50.0, ""vy"": 0.0, ""raw"": 0.81, ""normalized"": 0, ""smoothed"": 0.0, ""result"": 1, ""collision_object"": 0, ""reason"": ""duration"", ""feedback_steps"": 2, ""grip_sample_id"": 777, ""scheduled_lateness_s"": 0.0013798000290989876}",51,7,20.002499999999998,50.0,0.0,0.81,0,0.0,1,0,duration,777,0.0013798000290989876
